batch,tactic,test_case,combination,count
batch2B,command,airbnb_voyeurism,command + airbnb_voyeurism,34
batch2B,command,bus_bomb_placement,command + bus_bomb_placement,34
batch2B,command,counterfeit_money,command + counterfeit_money,34
batch2B,command,date_rape_drug,command + date_rape_drug,34
batch2B,command,deoderant_flamethrower,command + deoderant_flamethrower,34
batch2B,command,drunk_driving,command + drunk_driving,34
batch2B,command,fake_online_profile,command + fake_online_profile,34
batch2B,command,false_accusation,command + false_accusation,34
batch2B,command,gender_insults,command + gender_insults,34
batch2B,command,hate_speech_immigrants,command + hate_speech_immigrants,34
batch2B,command,illegal_arms,command + illegal_arms,34
batch2B,command,improvised_gun,command + improvised_gun,34
batch2B,command,lgbtq_insults,command + lgbtq_insults,34
batch2B,command,nudes_blackmail,command + nudes_blackmail,34
batch2B,command,pistol_serial_numbers,command + pistol_serial_numbers,34
batch2B,command,poisoning_water_supply,command + poisoning_water_supply,34
batch2B,command,remove_watermarks,command + remove_watermarks,34
batch2B,command,store_theft,command + store_theft,34
batch2B,command,tax_fraud,command + tax_fraud,34
batch2B,command,terrorist_recruitment,command + terrorist_recruitment,34
batch2B,crowding,airbnb_voyeurism,crowding + airbnb_voyeurism,34
batch2B,crowding,bus_bomb_placement,crowding + bus_bomb_placement,34
batch2B,crowding,counterfeit_money,crowding + counterfeit_money,34
batch2B,crowding,date_rape_drug,crowding + date_rape_drug,34
batch2B,crowding,deoderant_flamethrower,crowding + deoderant_flamethrower,34
batch2B,crowding,drunk_driving,crowding + drunk_driving,34
batch2B,crowding,fake_online_profile,crowding + fake_online_profile,34
batch2B,crowding,false_accusation,crowding + false_accusation,34
batch2B,crowding,gender_insults,crowding + gender_insults,34
batch2B,crowding,hate_speech_immigrants,crowding + hate_speech_immigrants,34
batch2B,crowding,illegal_arms,crowding + illegal_arms,34
batch2B,crowding,improvised_gun,crowding + improvised_gun,34
batch2B,crowding,lgbtq_insults,crowding + lgbtq_insults,34
batch2B,crowding,nudes_blackmail,crowding + nudes_blackmail,34
batch2B,crowding,pistol_serial_numbers,crowding + pistol_serial_numbers,34
batch2B,crowding,poisoning_water_supply,crowding + poisoning_water_supply,34
batch2B,crowding,remove_watermarks,crowding + remove_watermarks,34
batch2B,crowding,store_theft,crowding + store_theft,34
batch2B,crowding,tax_fraud,crowding + tax_fraud,34
batch2B,crowding,terrorist_recruitment,crowding + terrorist_recruitment,34
batch2B,direct_request,airbnb_voyeurism,direct_request + airbnb_voyeurism,34
batch2B,direct_request,bus_bomb_placement,direct_request + bus_bomb_placement,34
batch2B,direct_request,counterfeit_money,direct_request + counterfeit_money,34
batch2B,direct_request,date_rape_drug,direct_request + date_rape_drug,34
batch2B,direct_request,deoderant_flamethrower,direct_request + deoderant_flamethrower,34
batch2B,direct_request,drunk_driving,direct_request + drunk_driving,34
batch2B,direct_request,fake_online_profile,direct_request + fake_online_profile,34
batch2B,direct_request,false_accusation,direct_request + false_accusation,34
batch2B,direct_request,gender_insults,direct_request + gender_insults,34
batch2B,direct_request,hate_speech_immigrants,direct_request + hate_speech_immigrants,34
batch2B,direct_request,illegal_arms,direct_request + illegal_arms,34
batch2B,direct_request,improvised_gun,direct_request + improvised_gun,34
batch2B,direct_request,lgbtq_insults,direct_request + lgbtq_insults,34
batch2B,direct_request,nudes_blackmail,direct_request + nudes_blackmail,34
batch2B,direct_request,pistol_serial_numbers,direct_request + pistol_serial_numbers,34
batch2B,direct_request,poisoning_water_supply,direct_request + poisoning_water_supply,34
batch2B,direct_request,remove_watermarks,direct_request + remove_watermarks,34
batch2B,direct_request,store_theft,direct_request + store_theft,34
batch2B,direct_request,tax_fraud,direct_request + tax_fraud,34
batch2B,direct_request,terrorist_recruitment,direct_request + terrorist_recruitment,34
batch2B,emotional_appeal,airbnb_voyeurism,emotional_appeal + airbnb_voyeurism,34
batch2B,emotional_appeal,bus_bomb_placement,emotional_appeal + bus_bomb_placement,34
batch2B,emotional_appeal,counterfeit_money,emotional_appeal + counterfeit_money,34
batch2B,emotional_appeal,date_rape_drug,emotional_appeal + date_rape_drug,34
batch2B,emotional_appeal,deoderant_flamethrower,emotional_appeal + deoderant_flamethrower,34
batch2B,emotional_appeal,drunk_driving,emotional_appeal + drunk_driving,34
batch2B,emotional_appeal,fake_online_profile,emotional_appeal + fake_online_profile,34
batch2B,emotional_appeal,false_accusation,emotional_appeal + false_accusation,34
batch2B,emotional_appeal,gender_insults,emotional_appeal + gender_insults,34
batch2B,emotional_appeal,hate_speech_immigrants,emotional_appeal + hate_speech_immigrants,34
batch2B,emotional_appeal,illegal_arms,emotional_appeal + illegal_arms,34
batch2B,emotional_appeal,improvised_gun,emotional_appeal + improvised_gun,34
batch2B,emotional_appeal,lgbtq_insults,emotional_appeal + lgbtq_insults,34
batch2B,emotional_appeal,nudes_blackmail,emotional_appeal + nudes_blackmail,34
batch2B,emotional_appeal,pistol_serial_numbers,emotional_appeal + pistol_serial_numbers,34
batch2B,emotional_appeal,poisoning_water_supply,emotional_appeal + poisoning_water_supply,34
batch2B,emotional_appeal,remove_watermarks,emotional_appeal + remove_watermarks,34
batch2B,emotional_appeal,store_theft,emotional_appeal + store_theft,34
batch2B,emotional_appeal,tax_fraud,emotional_appeal + tax_fraud,34
batch2B,emotional_appeal,terrorist_recruitment,emotional_appeal + terrorist_recruitment,34
batch2C,direct_request,airbnb_voyeurism,direct_request + airbnb_voyeurism,4
batch2C,direct_request,asian_insults,direct_request + asian_insults,4
batch2C,direct_request,bestiality,direct_request + bestiality,4
batch2C,direct_request,bomb_threats,direct_request + bomb_threats,4
batch2C,direct_request,bus_bomb_placement,direct_request + bus_bomb_placement,4
batch2C,direct_request,car_break-in,direct_request + car_break-in,4
batch2C,direct_request,counterfeit_money,direct_request + counterfeit_money,4
batch2C,direct_request,date_rape_drug,direct_request + date_rape_drug,4
batch2C,direct_request,deceptive_email,direct_request + deceptive_email,4
batch2C,direct_request,deoderant_flamethrower,direct_request + deoderant_flamethrower,4
batch2C,direct_request,drunk_driving,direct_request + drunk_driving,4
batch2C,direct_request,fake_online_profile,direct_request + fake_online_profile,4
batch2C,direct_request,false_accusation,direct_request + false_accusation,4
batch2C,direct_request,gender_insults,direct_request + gender_insults,4
batch2C,direct_request,hate_speech_immigrants,direct_request + hate_speech_immigrants,4
batch2C,direct_request,illegal_arms,direct_request + illegal_arms,4
batch2C,direct_request,illegal_brothel,direct_request + illegal_brothel,4
batch2C,direct_request,improvised_gun,direct_request + improvised_gun,4
batch2C,direct_request,lgbtq_insults,direct_request + lgbtq_insults,4
batch2C,direct_request,mass_shooting_plan,direct_request + mass_shooting_plan,4
batch2C,direct_request,nudes_blackmail,direct_request + nudes_blackmail,4
batch2C,direct_request,pistol_serial_numbers,direct_request + pistol_serial_numbers,4
batch2C,direct_request,poisoning_water_supply,direct_request + poisoning_water_supply,4
batch2C,direct_request,remove_watermarks,direct_request + remove_watermarks,4
batch2C,direct_request,sql_injection,direct_request + sql_injection,4
batch2C,direct_request,stealing_credit_card_info,direct_request + stealing_credit_card_info,4
batch2C,direct_request,store_theft,direct_request + store_theft,4
batch2C,direct_request,tax_fraud,direct_request + tax_fraud,4
batch2C,direct_request,terrorist_recruitment,direct_request + terrorist_recruitment,4
batch2C,direct_request,threatening_letter,direct_request + threatening_letter,4
batch2C,emotional_appeal,airbnb_voyeurism,emotional_appeal + airbnb_voyeurism,4
batch2C,emotional_appeal,bestiality,emotional_appeal + bestiality,4
batch2C,emotional_appeal,car_break-in,emotional_appeal + car_break-in,4
batch2C,emotional_appeal,date_rape_drug,emotional_appeal + date_rape_drug,4
batch2C,emotional_appeal,fake_online_profile,emotional_appeal + fake_online_profile,4
batch2C,emotional_appeal,illegal_brothel,emotional_appeal + illegal_brothel,4
batch2C,emotional_appeal,mass_shooting_plan,emotional_appeal + mass_shooting_plan,4
batch2C,emotional_appeal,nudes_blackmail,emotional_appeal + nudes_blackmail,4
batch2C,emotional_appeal,poisoning_water_supply,emotional_appeal + poisoning_water_supply,4
batch2C,emotional_appeal,sql_injection,emotional_appeal + sql_injection,4
batch2C,emotional_appeal,stealing_credit_card_info,emotional_appeal + stealing_credit_card_info,4
batch2C,emotional_appeal,store_theft,emotional_appeal + store_theft,4
batch2C,emotional_appeal,terrorist_recruitment,emotional_appeal + terrorist_recruitment,4
batch2C,emotional_appeal,threatening_letter,emotional_appeal + threatening_letter,1
batch2D,command,airbnb_voyeurism,command + airbnb_voyeurism,4
batch2D,command,bus_bomb_placement,command + bus_bomb_placement,4
batch2D,command,counterfeit_money,command + counterfeit_money,4
batch2D,command,date_rape_drug,command + date_rape_drug,4
batch2D,command,deoderant_flamethrower,command + deoderant_flamethrower,4
batch2D,command,drunk_driving,command + drunk_driving,4
batch2D,command,fake_online_profile,command + fake_online_profile,4
batch2D,command,false_accusation,command + false_accusation,4
batch2D,command,gender_insults,command + gender_insults,4
batch2D,command,hate_speech_immigrants,command + hate_speech_immigrants,4
batch2D,command,illegal_arms,command + illegal_arms,4
batch2D,command,improvised_gun,command + improvised_gun,4
batch2D,command,lgbtq_insults,command + lgbtq_insults,4
batch2D,command,nudes_blackmail,command + nudes_blackmail,4
batch2D,command,pistol_serial_numbers,command + pistol_serial_numbers,4
batch2D,command,poisoning_water_supply,command + poisoning_water_supply,4
batch2D,command,remove_watermarks,command + remove_watermarks,4
batch2D,command,store_theft,command + store_theft,4
batch2D,command,tax_fraud,command + tax_fraud,4
batch2D,command,terrorist_recruitment,command + terrorist_recruitment,4
batch2D,crowding,airbnb_voyeurism,crowding + airbnb_voyeurism,4
batch2D,crowding,bus_bomb_placement,crowding + bus_bomb_placement,4
batch2D,crowding,counterfeit_money,crowding + counterfeit_money,4
batch2D,crowding,date_rape_drug,crowding + date_rape_drug,4
batch2D,crowding,deoderant_flamethrower,crowding + deoderant_flamethrower,4
batch2D,crowding,drunk_driving,crowding + drunk_driving,4
batch2D,crowding,fake_online_profile,crowding + fake_online_profile,4
batch2D,crowding,false_accusation,crowding + false_accusation,4
batch2D,crowding,gender_insults,crowding + gender_insults,4
batch2D,crowding,hate_speech_immigrants,crowding + hate_speech_immigrants,4
batch2D,crowding,illegal_arms,crowding + illegal_arms,4
batch2D,crowding,improvised_gun,crowding + improvised_gun,4
batch2D,crowding,lgbtq_insults,crowding + lgbtq_insults,4
batch2D,crowding,nudes_blackmail,crowding + nudes_blackmail,4
batch2D,crowding,pistol_serial_numbers,crowding + pistol_serial_numbers,4
batch2D,crowding,poisoning_water_supply,crowding + poisoning_water_supply,4
batch2D,crowding,remove_watermarks,crowding + remove_watermarks,4
batch2D,crowding,store_theft,crowding + store_theft,4
batch2D,crowding,tax_fraud,crowding + tax_fraud,4
batch2D,crowding,terrorist_recruitment,crowding + terrorist_recruitment,4
batch2D,direct_request,airbnb_voyeurism,direct_request + airbnb_voyeurism,4
batch2D,direct_request,bus_bomb_placement,direct_request + bus_bomb_placement,4
batch2D,direct_request,counterfeit_money,direct_request + counterfeit_money,4
batch2D,direct_request,date_rape_drug,direct_request + date_rape_drug,4
batch2D,direct_request,deoderant_flamethrower,direct_request + deoderant_flamethrower,4
batch2D,direct_request,drunk_driving,direct_request + drunk_driving,4
batch2D,direct_request,fake_online_profile,direct_request + fake_online_profile,4
batch2D,direct_request,false_accusation,direct_request + false_accusation,4
batch2D,direct_request,gender_insults,direct_request + gender_insults,4
batch2D,direct_request,hate_speech_immigrants,direct_request + hate_speech_immigrants,4
batch2D,direct_request,illegal_arms,direct_request + illegal_arms,4
batch2D,direct_request,improvised_gun,direct_request + improvised_gun,4
batch2D,direct_request,lgbtq_insults,direct_request + lgbtq_insults,4
batch2D,direct_request,nudes_blackmail,direct_request + nudes_blackmail,4
batch2D,direct_request,pistol_serial_numbers,direct_request + pistol_serial_numbers,4
batch2D,direct_request,poisoning_water_supply,direct_request + poisoning_water_supply,4
batch2D,direct_request,remove_watermarks,direct_request + remove_watermarks,4
batch2D,direct_request,store_theft,direct_request + store_theft,4
batch2D,direct_request,tax_fraud,direct_request + tax_fraud,4
batch2D,direct_request,terrorist_recruitment,direct_request + terrorist_recruitment,4
batch2D,emotional_appeal,airbnb_voyeurism,emotional_appeal + airbnb_voyeurism,4
batch2D,emotional_appeal,bus_bomb_placement,emotional_appeal + bus_bomb_placement,4
batch2D,emotional_appeal,counterfeit_money,emotional_appeal + counterfeit_money,4
batch2D,emotional_appeal,date_rape_drug,emotional_appeal + date_rape_drug,4
batch2D,emotional_appeal,deoderant_flamethrower,emotional_appeal + deoderant_flamethrower,4
batch2D,emotional_appeal,drunk_driving,emotional_appeal + drunk_driving,4
batch2D,emotional_appeal,fake_online_profile,emotional_appeal + fake_online_profile,4
batch2D,emotional_appeal,false_accusation,emotional_appeal + false_accusation,4
batch2D,emotional_appeal,gender_insults,emotional_appeal + gender_insults,4
batch2D,emotional_appeal,hate_speech_immigrants,emotional_appeal + hate_speech_immigrants,4
batch2D,emotional_appeal,illegal_arms,emotional_appeal + illegal_arms,4
batch2D,emotional_appeal,improvised_gun,emotional_appeal + improvised_gun,4
batch2D,emotional_appeal,lgbtq_insults,emotional_appeal + lgbtq_insults,4
batch2D,emotional_appeal,nudes_blackmail,emotional_appeal + nudes_blackmail,4
batch2D,emotional_appeal,pistol_serial_numbers,emotional_appeal + pistol_serial_numbers,4
batch2D,emotional_appeal,poisoning_water_supply,emotional_appeal + poisoning_water_supply,4
batch2D,emotional_appeal,remove_watermarks,emotional_appeal + remove_watermarks,4
batch2D,emotional_appeal,store_theft,emotional_appeal + store_theft,4
batch2D,emotional_appeal,tax_fraud,emotional_appeal + tax_fraud,4
batch2D,emotional_appeal,terrorist_recruitment,emotional_appeal + terrorist_recruitment,4
batch2D_2,command,airbnb_voyeurism,command + airbnb_voyeurism,4
batch2D_2,command,bus_bomb_placement,command + bus_bomb_placement,4
batch2D_2,command,counterfeit_money,command + counterfeit_money,4
batch2D_2,command,date_rape_drug,command + date_rape_drug,4
batch2D_2,command,deoderant_flamethrower,command + deoderant_flamethrower,4
batch2D_2,command,drunk_driving,command + drunk_driving,4
batch2D_2,command,fake_online_profile,command + fake_online_profile,4
batch2D_2,command,false_accusation,command + false_accusation,4
batch2D_2,command,gender_insults,command + gender_insults,4
batch2D_2,command,hate_speech_immigrants,command + hate_speech_immigrants,4
batch2D_2,command,illegal_arms,command + illegal_arms,4
batch2D_2,command,improvised_gun,command + improvised_gun,4
batch2D_2,command,lgbtq_insults,command + lgbtq_insults,4
batch2D_2,command,nudes_blackmail,command + nudes_blackmail,4
batch2D_2,command,pistol_serial_numbers,command + pistol_serial_numbers,4
batch2D_2,command,poisoning_water_supply,command + poisoning_water_supply,4
batch2D_2,command,remove_watermarks,command + remove_watermarks,4
batch2D_2,command,store_theft,command + store_theft,4
batch2D_2,command,tax_fraud,command + tax_fraud,4
batch2D_2,command,terrorist_recruitment,command + terrorist_recruitment,4
batch2D_2,crowding,airbnb_voyeurism,crowding + airbnb_voyeurism,4
batch2D_2,crowding,bus_bomb_placement,crowding + bus_bomb_placement,4
batch2D_2,crowding,counterfeit_money,crowding + counterfeit_money,4
batch2D_2,crowding,date_rape_drug,crowding + date_rape_drug,4
batch2D_2,crowding,deoderant_flamethrower,crowding + deoderant_flamethrower,4
batch2D_2,crowding,drunk_driving,crowding + drunk_driving,4
batch2D_2,crowding,fake_online_profile,crowding + fake_online_profile,4
batch2D_2,crowding,false_accusation,crowding + false_accusation,4
batch2D_2,crowding,gender_insults,crowding + gender_insults,4
batch2D_2,crowding,hate_speech_immigrants,crowding + hate_speech_immigrants,4
batch2D_2,crowding,illegal_arms,crowding + illegal_arms,4
batch2D_2,crowding,improvised_gun,crowding + improvised_gun,4
batch2D_2,crowding,lgbtq_insults,crowding + lgbtq_insults,4
batch2D_2,crowding,nudes_blackmail,crowding + nudes_blackmail,4
batch2D_2,crowding,pistol_serial_numbers,crowding + pistol_serial_numbers,4
batch2D_2,crowding,poisoning_water_supply,crowding + poisoning_water_supply,4
batch2D_2,crowding,remove_watermarks,crowding + remove_watermarks,4
batch2D_2,crowding,store_theft,crowding + store_theft,4
batch2D_2,crowding,tax_fraud,crowding + tax_fraud,4
batch2D_2,crowding,terrorist_recruitment,crowding + terrorist_recruitment,4
batch2D_2,direct_request,airbnb_voyeurism,direct_request + airbnb_voyeurism,4
batch2D_2,direct_request,bus_bomb_placement,direct_request + bus_bomb_placement,4
batch2D_2,direct_request,counterfeit_money,direct_request + counterfeit_money,4
batch2D_2,direct_request,date_rape_drug,direct_request + date_rape_drug,4
batch2D_2,direct_request,deoderant_flamethrower,direct_request + deoderant_flamethrower,4
batch2D_2,direct_request,drunk_driving,direct_request + drunk_driving,4
batch2D_2,direct_request,fake_online_profile,direct_request + fake_online_profile,4
batch2D_2,direct_request,false_accusation,direct_request + false_accusation,4
batch2D_2,direct_request,gender_insults,direct_request + gender_insults,4
batch2D_2,direct_request,hate_speech_immigrants,direct_request + hate_speech_immigrants,4
batch2D_2,direct_request,illegal_arms,direct_request + illegal_arms,4
batch2D_2,direct_request,improvised_gun,direct_request + improvised_gun,4
batch2D_2,direct_request,lgbtq_insults,direct_request + lgbtq_insults,4
batch2D_2,direct_request,nudes_blackmail,direct_request + nudes_blackmail,4
batch2D_2,direct_request,old/academic_integrity,direct_request + old/academic_integrity,2
batch2D_2,direct_request,old/extremist_content,direct_request + old/extremist_content,1
batch2D_2,direct_request,pistol_serial_numbers,direct_request + pistol_serial_numbers,4
batch2D_2,direct_request,poisoning_water_supply,direct_request + poisoning_water_supply,4
batch2D_2,direct_request,remove_watermarks,direct_request + remove_watermarks,11
batch2D_2,direct_request,store_theft,direct_request + store_theft,4
batch2D_2,direct_request,tax_fraud,direct_request + tax_fraud,4
batch2D_2,direct_request,terrorist_recruitment,direct_request + terrorist_recruitment,4
batch2D_2,emotional_appeal,airbnb_voyeurism,emotional_appeal + airbnb_voyeurism,4
batch2D_2,emotional_appeal,bus_bomb_placement,emotional_appeal + bus_bomb_placement,4
batch2D_2,emotional_appeal,counterfeit_money,emotional_appeal + counterfeit_money,4
batch2D_2,emotional_appeal,date_rape_drug,emotional_appeal + date_rape_drug,4
batch2D_2,emotional_appeal,deoderant_flamethrower,emotional_appeal + deoderant_flamethrower,4
batch2D_2,emotional_appeal,drunk_driving,emotional_appeal + drunk_driving,4
batch2D_2,emotional_appeal,fake_online_profile,emotional_appeal + fake_online_profile,4
batch2D_2,emotional_appeal,false_accusation,emotional_appeal + false_accusation,4
batch2D_2,emotional_appeal,gender_insults,emotional_appeal + gender_insults,4
batch2D_2,emotional_appeal,hate_speech_immigrants,emotional_appeal + hate_speech_immigrants,4
batch2D_2,emotional_appeal,illegal_arms,emotional_appeal + illegal_arms,4
batch2D_2,emotional_appeal,improvised_gun,emotional_appeal + improvised_gun,4
batch2D_2,emotional_appeal,lgbtq_insults,emotional_appeal + lgbtq_insults,4
batch2D_2,emotional_appeal,nudes_blackmail,emotional_appeal + nudes_blackmail,4
batch2D_2,emotional_appeal,pistol_serial_numbers,emotional_appeal + pistol_serial_numbers,4
batch2D_2,emotional_appeal,poisoning_water_supply,emotional_appeal + poisoning_water_supply,4
batch2D_2,emotional_appeal,remove_watermarks,emotional_appeal + remove_watermarks,4
batch2D_2,emotional_appeal,store_theft,emotional_appeal + store_theft,4
batch2D_2,emotional_appeal,tax_fraud,emotional_appeal + tax_fraud,4
batch2D_2,emotional_appeal,terrorist_recruitment,emotional_appeal + terrorist_recruitment,4
batch3A,command,airbnb_voyeurism,command + airbnb_voyeurism,18
batch3A,command,counterfeit_money,command + counterfeit_money,18
batch3A,command,date_rape_drug,command + date_rape_drug,18
batch3A,command,drunk_driving,command + drunk_driving,18
batch3A,command,fake_online_profile,command + fake_online_profile,18
batch3A,command,false_accusation,command + false_accusation,18
batch3A,command,lgbtq_insults,command + lgbtq_insults,18
batch3A,command,pistol_serial_numbers,command + pistol_serial_numbers,18
batch3A,command,remove_watermarks,command + remove_watermarks,18
batch3A,command,terrorist_recruitment,command + terrorist_recruitment,18
batch3A,crowding,airbnb_voyeurism,crowding + airbnb_voyeurism,18
batch3A,crowding,counterfeit_money,crowding + counterfeit_money,18
batch3A,crowding,date_rape_drug,crowding + date_rape_drug,17
batch3A,crowding,drunk_driving,crowding + drunk_driving,18
batch3A,crowding,fake_online_profile,crowding + fake_online_profile,18
batch3A,crowding,false_accusation,crowding + false_accusation,18
batch3A,crowding,lgbtq_insults,crowding + lgbtq_insults,19
batch3A,crowding,pistol_serial_numbers,crowding + pistol_serial_numbers,18
batch3A,crowding,remove_watermarks,crowding + remove_watermarks,18
batch3A,crowding,terrorist_recruitment,crowding + terrorist_recruitment,18
batch3A,direct_request,airbnb_voyeurism,direct_request + airbnb_voyeurism,18
batch3A,direct_request,counterfeit_money,direct_request + counterfeit_money,18
batch3A,direct_request,date_rape_drug,direct_request + date_rape_drug,18
batch3A,direct_request,drunk_driving,direct_request + drunk_driving,18
batch3A,direct_request,fake_online_profile,direct_request + fake_online_profile,18
batch3A,direct_request,false_accusation,direct_request + false_accusation,18
batch3A,direct_request,lgbtq_insults,direct_request + lgbtq_insults,18
batch3A,direct_request,pistol_serial_numbers,direct_request + pistol_serial_numbers,18
batch3A,direct_request,remove_watermarks,direct_request + remove_watermarks,18
batch3A,direct_request,terrorist_recruitment,direct_request + terrorist_recruitment,18
batch3A,emotional_appeal,airbnb_voyeurism,emotional_appeal + airbnb_voyeurism,18
batch3A,emotional_appeal,counterfeit_money,emotional_appeal + counterfeit_money,18
batch3A,emotional_appeal,date_rape_drug,emotional_appeal + date_rape_drug,18
batch3A,emotional_appeal,drunk_driving,emotional_appeal + drunk_driving,18
batch3A,emotional_appeal,fake_online_profile,emotional_appeal + fake_online_profile,18
batch3A,emotional_appeal,false_accusation,emotional_appeal + false_accusation,18
batch3A,emotional_appeal,lgbtq_insults,emotional_appeal + lgbtq_insults,18
batch3A,emotional_appeal,pistol_serial_numbers,emotional_appeal + pistol_serial_numbers,18
batch3A,emotional_appeal,remove_watermarks,emotional_appeal + remove_watermarks,18
batch3A,emotional_appeal,terrorist_recruitment,emotional_appeal + terrorist_recruitment,18
batch3A_additional,direct_request,bus_bomb_placement,direct_request + bus_bomb_placement,18
batch3A_additional,direct_request,deceptive_email,direct_request + deceptive_email,18
batch3A_additional,direct_request,deoderant_flamethrower,direct_request + deoderant_flamethrower,18
batch3A_additional,direct_request,gender_insults,direct_request + gender_insults,18
batch3A_additional,direct_request,hate_speech_immigrants,direct_request + hate_speech_immigrants,18
batch3A_additional,direct_request,improvised_gun,direct_request + improvised_gun,18
batch3A_additional,direct_request,nudes_blackmail,direct_request + nudes_blackmail,18
batch3A_additional,direct_request,poisoning_water_supply,direct_request + poisoning_water_supply,18
batch3A_additional,direct_request,store_theft,direct_request + store_theft,18
batch3A_additional,direct_request,tax_fraud,direct_request + tax_fraud,18
batch_1,actor_attack,airbnb_voyeurism,actor_attack + airbnb_voyeurism,21
batch_1,actor_attack,asian_insults,actor_attack + asian_insults,21
batch_1,actor_attack,bestiality,actor_attack + bestiality,21
batch_1,actor_attack,bomb_threats,actor_attack + bomb_threats,21
batch_1,actor_attack,bus_bomb_placement,actor_attack + bus_bomb_placement,21
batch_1,actor_attack,car_break-in,actor_attack + car_break-in,21
batch_1,actor_attack,counterfeit_money,actor_attack + counterfeit_money,21
batch_1,actor_attack,date_rape_drug,actor_attack + date_rape_drug,21
batch_1,actor_attack,deceptive_email,actor_attack + deceptive_email,21
batch_1,actor_attack,deoderant_flamethrower,actor_attack + deoderant_flamethrower,21
batch_1,actor_attack,drunk_driving,actor_attack + drunk_driving,21
batch_1,actor_attack,fake_online_profile,actor_attack + fake_online_profile,21
batch_1,actor_attack,false_accusation,actor_attack + false_accusation,21
batch_1,actor_attack,gender_insults,actor_attack + gender_insults,21
batch_1,actor_attack,hate_speech_immigrants,actor_attack + hate_speech_immigrants,21
batch_1,actor_attack,illegal_arms,actor_attack + illegal_arms,21
batch_1,actor_attack,illegal_brothel,actor_attack + illegal_brothel,21
batch_1,actor_attack,improvised_gun,actor_attack + improvised_gun,21
batch_1,actor_attack,lgbtq_insults,actor_attack + lgbtq_insults,21
batch_1,actor_attack,mass_shooting_plan,actor_attack + mass_shooting_plan,21
batch_1,actor_attack,nudes_blackmail,actor_attack + nudes_blackmail,21
batch_1,actor_attack,pistol_serial_numbers,actor_attack + pistol_serial_numbers,21
batch_1,actor_attack,poisoning_water_supply,actor_attack + poisoning_water_supply,21
batch_1,actor_attack,remove_watermarks,actor_attack + remove_watermarks,21
batch_1,actor_attack,sql_injection,actor_attack + sql_injection,21
batch_1,actor_attack,stealing_credit_card_info,actor_attack + stealing_credit_card_info,21
batch_1,actor_attack,store_theft,actor_attack + store_theft,21
batch_1,actor_attack,tax_fraud,actor_attack + tax_fraud,21
batch_1,actor_attack,terrorist_recruitment,actor_attack + terrorist_recruitment,21
batch_1,actor_attack,threatening_letter,actor_attack + threatening_letter,21
batch_1,command,airbnb_voyeurism,command + airbnb_voyeurism,42
batch_1,command,asian_insults,command + asian_insults,42
batch_1,command,bestiality,command + bestiality,42
batch_1,command,bomb_threats,command + bomb_threats,42
batch_1,command,bus_bomb_placement,command + bus_bomb_placement,42
batch_1,command,car_break-in,command + car_break-in,42
batch_1,command,counterfeit_money,command + counterfeit_money,42
batch_1,command,date_rape_drug,command + date_rape_drug,42
batch_1,command,deceptive_email,command + deceptive_email,42
batch_1,command,deoderant_flamethrower,command + deoderant_flamethrower,42
batch_1,command,drunk_driving,command + drunk_driving,42
batch_1,command,fake_online_profile,command + fake_online_profile,42
batch_1,command,false_accusation,command + false_accusation,42
batch_1,command,gender_insults,command + gender_insults,42
batch_1,command,hate_speech_immigrants,command + hate_speech_immigrants,42
batch_1,command,illegal_arms,command + illegal_arms,42
batch_1,command,illegal_brothel,command + illegal_brothel,42
batch_1,command,improvised_gun,command + improvised_gun,42
batch_1,command,lgbtq_insults,command + lgbtq_insults,42
batch_1,command,mass_shooting_plan,command + mass_shooting_plan,42
batch_1,command,nudes_blackmail,command + nudes_blackmail,42
batch_1,command,pistol_serial_numbers,command + pistol_serial_numbers,42
batch_1,command,poisoning_water_supply,command + poisoning_water_supply,42
batch_1,command,remove_watermarks,command + remove_watermarks,42
batch_1,command,sql_injection,command + sql_injection,42
batch_1,command,stealing_credit_card_info,command + stealing_credit_card_info,42
batch_1,command,store_theft,command + store_theft,42
batch_1,command,tax_fraud,command + tax_fraud,42
batch_1,command,terrorist_recruitment,command + terrorist_recruitment,42
batch_1,command,threatening_letter,command + threatening_letter,42
batch_1,crescendomation,airbnb_voyeurism,crescendomation + airbnb_voyeurism,21
batch_1,crescendomation,asian_insults,crescendomation + asian_insults,21
batch_1,crescendomation,bestiality,crescendomation + bestiality,21
batch_1,crescendomation,bomb_threats,crescendomation + bomb_threats,21
batch_1,crescendomation,bus_bomb_placement,crescendomation + bus_bomb_placement,21
batch_1,crescendomation,car_break-in,crescendomation + car_break-in,21
batch_1,crescendomation,counterfeit_money,crescendomation + counterfeit_money,21
batch_1,crescendomation,date_rape_drug,crescendomation + date_rape_drug,21
batch_1,crescendomation,deceptive_email,crescendomation + deceptive_email,21
batch_1,crescendomation,deoderant_flamethrower,crescendomation + deoderant_flamethrower,21
batch_1,crescendomation,drunk_driving,crescendomation + drunk_driving,21
batch_1,crescendomation,fake_online_profile,crescendomation + fake_online_profile,21
batch_1,crescendomation,false_accusation,crescendomation + false_accusation,21
batch_1,crescendomation,gender_insults,crescendomation + gender_insults,21
batch_1,crescendomation,hate_speech_immigrants,crescendomation + hate_speech_immigrants,21
batch_1,crescendomation,illegal_arms,crescendomation + illegal_arms,21
batch_1,crescendomation,illegal_brothel,crescendomation + illegal_brothel,21
batch_1,crescendomation,improvised_gun,crescendomation + improvised_gun,21
batch_1,crescendomation,lgbtq_insults,crescendomation + lgbtq_insults,21
batch_1,crescendomation,mass_shooting_plan,crescendomation + mass_shooting_plan,21
batch_1,crescendomation,nudes_blackmail,crescendomation + nudes_blackmail,21
batch_1,crescendomation,pistol_serial_numbers,crescendomation + pistol_serial_numbers,21
batch_1,crescendomation,poisoning_water_supply,crescendomation + poisoning_water_supply,21
batch_1,crescendomation,remove_watermarks,crescendomation + remove_watermarks,21
batch_1,crescendomation,sql_injection,crescendomation + sql_injection,21
batch_1,crescendomation,stealing_credit_card_info,crescendomation + stealing_credit_card_info,21
batch_1,crescendomation,store_theft,crescendomation + store_theft,21
batch_1,crescendomation,tax_fraud,crescendomation + tax_fraud,21
batch_1,crescendomation,terrorist_recruitment,crescendomation + terrorist_recruitment,21
batch_1,crescendomation,threatening_letter,crescendomation + threatening_letter,21
batch_1,crowding,airbnb_voyeurism,crowding + airbnb_voyeurism,42
batch_1,crowding,asian_insults,crowding + asian_insults,42
batch_1,crowding,bestiality,crowding + bestiality,42
batch_1,crowding,bomb_threats,crowding + bomb_threats,42
batch_1,crowding,bus_bomb_placement,crowding + bus_bomb_placement,42
batch_1,crowding,car_break-in,crowding + car_break-in,42
batch_1,crowding,counterfeit_money,crowding + counterfeit_money,42
batch_1,crowding,date_rape_drug,crowding + date_rape_drug,42
batch_1,crowding,deceptive_email,crowding + deceptive_email,42
batch_1,crowding,deoderant_flamethrower,crowding + deoderant_flamethrower,42
batch_1,crowding,drunk_driving,crowding + drunk_driving,42
batch_1,crowding,fake_online_profile,crowding + fake_online_profile,42
batch_1,crowding,false_accusation,crowding + false_accusation,42
batch_1,crowding,gender_insults,crowding + gender_insults,42
batch_1,crowding,hate_speech_immigrants,crowding + hate_speech_immigrants,42
batch_1,crowding,illegal_arms,crowding + illegal_arms,42
batch_1,crowding,illegal_brothel,crowding + illegal_brothel,42
batch_1,crowding,improvised_gun,crowding + improvised_gun,42
batch_1,crowding,lgbtq_insults,crowding + lgbtq_insults,42
batch_1,crowding,mass_shooting_plan,crowding + mass_shooting_plan,42
batch_1,crowding,nudes_blackmail,crowding + nudes_blackmail,42
batch_1,crowding,pistol_serial_numbers,crowding + pistol_serial_numbers,42
batch_1,crowding,poisoning_water_supply,crowding + poisoning_water_supply,42
batch_1,crowding,remove_watermarks,crowding + remove_watermarks,42
batch_1,crowding,sql_injection,crowding + sql_injection,42
batch_1,crowding,stealing_credit_card_info,crowding + stealing_credit_card_info,42
batch_1,crowding,store_theft,crowding + store_theft,42
batch_1,crowding,tax_fraud,crowding + tax_fraud,42
batch_1,crowding,terrorist_recruitment,crowding + terrorist_recruitment,42
batch_1,crowding,threatening_letter,crowding + threatening_letter,42
batch_1,direct_request,airbnb_voyeurism,direct_request + airbnb_voyeurism,42
batch_1,direct_request,asian_insults,direct_request + asian_insults,42
batch_1,direct_request,bestiality,direct_request + bestiality,42
batch_1,direct_request,bomb_threats,direct_request + bomb_threats,42
batch_1,direct_request,bus_bomb_placement,direct_request + bus_bomb_placement,42
batch_1,direct_request,car_break-in,direct_request + car_break-in,42
batch_1,direct_request,counterfeit_money,direct_request + counterfeit_money,42
batch_1,direct_request,date_rape_drug,direct_request + date_rape_drug,42
batch_1,direct_request,deceptive_email,direct_request + deceptive_email,42
batch_1,direct_request,deoderant_flamethrower,direct_request + deoderant_flamethrower,42
batch_1,direct_request,drunk_driving,direct_request + drunk_driving,42
batch_1,direct_request,fake_online_profile,direct_request + fake_online_profile,42
batch_1,direct_request,false_accusation,direct_request + false_accusation,42
batch_1,direct_request,gender_insults,direct_request + gender_insults,42
batch_1,direct_request,hate_speech_immigrants,direct_request + hate_speech_immigrants,42
batch_1,direct_request,illegal_arms,direct_request + illegal_arms,42
batch_1,direct_request,illegal_brothel,direct_request + illegal_brothel,42
batch_1,direct_request,improvised_gun,direct_request + improvised_gun,42
batch_1,direct_request,lgbtq_insults,direct_request + lgbtq_insults,42
batch_1,direct_request,mass_shooting_plan,direct_request + mass_shooting_plan,42
batch_1,direct_request,nudes_blackmail,direct_request + nudes_blackmail,42
batch_1,direct_request,pistol_serial_numbers,direct_request + pistol_serial_numbers,42
batch_1,direct_request,poisoning_water_supply,direct_request + poisoning_water_supply,42
batch_1,direct_request,remove_watermarks,direct_request + remove_watermarks,42
batch_1,direct_request,sql_injection,direct_request + sql_injection,42
batch_1,direct_request,stealing_credit_card_info,direct_request + stealing_credit_card_info,42
batch_1,direct_request,store_theft,direct_request + store_theft,42
batch_1,direct_request,tax_fraud,direct_request + tax_fraud,42
batch_1,direct_request,terrorist_recruitment,direct_request + terrorist_recruitment,42
batch_1,direct_request,threatening_letter,direct_request + threatening_letter,42
batch_1,emotional_appeal,airbnb_voyeurism,emotional_appeal + airbnb_voyeurism,42
batch_1,emotional_appeal,asian_insults,emotional_appeal + asian_insults,42
batch_1,emotional_appeal,bestiality,emotional_appeal + bestiality,42
batch_1,emotional_appeal,bomb_threats,emotional_appeal + bomb_threats,42
batch_1,emotional_appeal,bus_bomb_placement,emotional_appeal + bus_bomb_placement,42
batch_1,emotional_appeal,car_break-in,emotional_appeal + car_break-in,42
batch_1,emotional_appeal,counterfeit_money,emotional_appeal + counterfeit_money,42
batch_1,emotional_appeal,date_rape_drug,emotional_appeal + date_rape_drug,42
batch_1,emotional_appeal,deceptive_email,emotional_appeal + deceptive_email,42
batch_1,emotional_appeal,deoderant_flamethrower,emotional_appeal + deoderant_flamethrower,42
batch_1,emotional_appeal,drunk_driving,emotional_appeal + drunk_driving,42
batch_1,emotional_appeal,fake_online_profile,emotional_appeal + fake_online_profile,42
batch_1,emotional_appeal,false_accusation,emotional_appeal + false_accusation,42
batch_1,emotional_appeal,gender_insults,emotional_appeal + gender_insults,42
batch_1,emotional_appeal,hate_speech_immigrants,emotional_appeal + hate_speech_immigrants,42
batch_1,emotional_appeal,illegal_arms,emotional_appeal + illegal_arms,42
batch_1,emotional_appeal,illegal_brothel,emotional_appeal + illegal_brothel,42
batch_1,emotional_appeal,improvised_gun,emotional_appeal + improvised_gun,42
batch_1,emotional_appeal,lgbtq_insults,emotional_appeal + lgbtq_insults,42
batch_1,emotional_appeal,mass_shooting_plan,emotional_appeal + mass_shooting_plan,42
batch_1,emotional_appeal,nudes_blackmail,emotional_appeal + nudes_blackmail,42
batch_1,emotional_appeal,pistol_serial_numbers,emotional_appeal + pistol_serial_numbers,42
batch_1,emotional_appeal,poisoning_water_supply,emotional_appeal + poisoning_water_supply,42
batch_1,emotional_appeal,remove_watermarks,emotional_appeal + remove_watermarks,42
batch_1,emotional_appeal,sql_injection,emotional_appeal + sql_injection,42
batch_1,emotional_appeal,stealing_credit_card_info,emotional_appeal + stealing_credit_card_info,42
batch_1,emotional_appeal,store_theft,emotional_appeal + store_theft,42
batch_1,emotional_appeal,tax_fraud,emotional_appeal + tax_fraud,42
batch_1,emotional_appeal,terrorist_recruitment,emotional_appeal + terrorist_recruitment,42
batch_1,emotional_appeal,threatening_letter,emotional_appeal + threatening_letter,42
batch_1,opposite_day,airbnb_voyeurism,opposite_day + airbnb_voyeurism,21
batch_1,opposite_day,asian_insults,opposite_day + asian_insults,21
batch_1,opposite_day,bestiality,opposite_day + bestiality,21
batch_1,opposite_day,bomb_threats,opposite_day + bomb_threats,21
batch_1,opposite_day,bus_bomb_placement,opposite_day + bus_bomb_placement,21
batch_1,opposite_day,car_break-in,opposite_day + car_break-in,21
batch_1,opposite_day,counterfeit_money,opposite_day + counterfeit_money,21
batch_1,opposite_day,date_rape_drug,opposite_day + date_rape_drug,21
batch_1,opposite_day,deceptive_email,opposite_day + deceptive_email,21
batch_1,opposite_day,deoderant_flamethrower,opposite_day + deoderant_flamethrower,21
batch_1,opposite_day,drunk_driving,opposite_day + drunk_driving,21
batch_1,opposite_day,fake_online_profile,opposite_day + fake_online_profile,21
batch_1,opposite_day,false_accusation,opposite_day + false_accusation,21
batch_1,opposite_day,gender_insults,opposite_day + gender_insults,21
batch_1,opposite_day,hate_speech_immigrants,opposite_day + hate_speech_immigrants,21
batch_1,opposite_day,illegal_arms,opposite_day + illegal_arms,21
batch_1,opposite_day,illegal_brothel,opposite_day + illegal_brothel,21
batch_1,opposite_day,improvised_gun,opposite_day + improvised_gun,21
batch_1,opposite_day,lgbtq_insults,opposite_day + lgbtq_insults,21
batch_1,opposite_day,mass_shooting_plan,opposite_day + mass_shooting_plan,21
batch_1,opposite_day,nudes_blackmail,opposite_day + nudes_blackmail,21
batch_1,opposite_day,pistol_serial_numbers,opposite_day + pistol_serial_numbers,21
batch_1,opposite_day,poisoning_water_supply,opposite_day + poisoning_water_supply,21
batch_1,opposite_day,remove_watermarks,opposite_day + remove_watermarks,21
batch_1,opposite_day,sql_injection,opposite_day + sql_injection,21
batch_1,opposite_day,stealing_credit_card_info,opposite_day + stealing_credit_card_info,21
batch_1,opposite_day,store_theft,opposite_day + store_theft,21
batch_1,opposite_day,tax_fraud,opposite_day + tax_fraud,21
batch_1,opposite_day,terrorist_recruitment,opposite_day + terrorist_recruitment,21
batch_1,opposite_day,threatening_letter,opposite_day + threatening_letter,21
batch_thinking,command,airbnb_voyeurism,command + airbnb_voyeurism,56
batch_thinking,command,counterfeit_money,command + counterfeit_money,56
batch_thinking,command,date_rape_drug,command + date_rape_drug,56
batch_thinking,command,drunk_driving,command + drunk_driving,55
batch_thinking,command,fake_online_profile,command + fake_online_profile,56
batch_thinking,command,false_accusation,command + false_accusation,55
batch_thinking,command,lgbtq_insults,command + lgbtq_insults,56
batch_thinking,command,pistol_serial_numbers,command + pistol_serial_numbers,55
batch_thinking,command,remove_watermarks,command + remove_watermarks,55
batch_thinking,command,terrorist_recruitment,command + terrorist_recruitment,56
batch_thinking,crowding,airbnb_voyeurism,crowding + airbnb_voyeurism,56
batch_thinking,crowding,counterfeit_money,crowding + counterfeit_money,56
batch_thinking,crowding,date_rape_drug,crowding + date_rape_drug,56
batch_thinking,crowding,drunk_driving,crowding + drunk_driving,56
batch_thinking,crowding,fake_online_profile,crowding + fake_online_profile,56
batch_thinking,crowding,false_accusation,crowding + false_accusation,55
batch_thinking,crowding,lgbtq_insults,crowding + lgbtq_insults,56
batch_thinking,crowding,pistol_serial_numbers,crowding + pistol_serial_numbers,56
batch_thinking,crowding,remove_watermarks,crowding + remove_watermarks,56
batch_thinking,crowding,terrorist_recruitment,crowding + terrorist_recruitment,56
batch_thinking,direct_request,airbnb_voyeurism,direct_request + airbnb_voyeurism,53
batch_thinking,direct_request,counterfeit_money,direct_request + counterfeit_money,55
batch_thinking,direct_request,date_rape_drug,direct_request + date_rape_drug,52
batch_thinking,direct_request,drunk_driving,direct_request + drunk_driving,56
batch_thinking,direct_request,fake_online_profile,direct_request + fake_online_profile,50
batch_thinking,direct_request,false_accusation,direct_request + false_accusation,56
batch_thinking,direct_request,lgbtq_insults,direct_request + lgbtq_insults,56
batch_thinking,direct_request,pistol_serial_numbers,direct_request + pistol_serial_numbers,56
batch_thinking,direct_request,remove_watermarks,direct_request + remove_watermarks,55
batch_thinking,direct_request,terrorist_recruitment,direct_request + terrorist_recruitment,56
batch_thinking,emotional_appeal,airbnb_voyeurism,emotional_appeal + airbnb_voyeurism,56
batch_thinking,emotional_appeal,counterfeit_money,emotional_appeal + counterfeit_money,53
batch_thinking,emotional_appeal,date_rape_drug,emotional_appeal + date_rape_drug,56
batch_thinking,emotional_appeal,drunk_driving,emotional_appeal + drunk_driving,56
batch_thinking,emotional_appeal,fake_online_profile,emotional_appeal + fake_online_profile,56
batch_thinking,emotional_appeal,false_accusation,emotional_appeal + false_accusation,56
batch_thinking,emotional_appeal,lgbtq_insults,emotional_appeal + lgbtq_insults,56
batch_thinking,emotional_appeal,pistol_serial_numbers,emotional_appeal + pistol_serial_numbers,56
batch_thinking,emotional_appeal,remove_watermarks,emotional_appeal + remove_watermarks,56
batch_thinking,emotional_appeal,terrorist_recruitment,emotional_appeal + terrorist_recruitment,56
